iterations;min;mean;max
1;23949.008076889957;24470.77165461078;24992.535232331604
1001;18166.090051651;19027.777318000793;19889.464584350586
2001;17292.994285583496;17981.836435317993;18670.67858505249
