iterations;min;mean;max
1;8323.000356894583;8663.642264094502;9004.284171294421
1001;7689.841419219971;8146.134977340698;8602.428535461426
2001;7174.585563659668;7478.708501815796;7782.831439971924
