iterations;min;mean;max
1;13800.478703189137;14003.659589685249;14206.840476181358
1001;8597.92448425293;8997.759088516235;9397.593692779541
2001;8195.247825622559;8495.650203704834;8796.05258178711
