iterations;min;mean;max
1;1781.4105848558247;1803.4698008310293;1825.529016806234
1001;1878.3241481781006;1883.8832521438599;1889.4423561096191
2001;1923.1608963012695;2007.4777297973633;2091.794563293457
