iterations;min;mean;max
1;0.011486530303955078;0.011649727821350098;0.011812925338745117
1001;8.268637657165527;8.279136180877686;8.289634704589844
2001;16.24297308921814;16.404233932495117;16.565494775772095
