iterations;min;mean;max
1;0.0;0.07600000000000003;0.2
11;0.0;0.08600000000000001;0.24
21;0.0;0.11600000000000003;0.28
31;0.0;0.08400000000000003;0.16
41;0.0;0.10200000000000002;0.32
51;0.0;0.094;0.2
61;0.0;0.10200000000000002;0.24
71;0.0;0.09000000000000001;0.24
81;0.0;0.07799999999999999;0.2
91;0.0;0.096;0.2
101;0.0;0.11000000000000001;0.28
111;0.0;0.08400000000000003;0.16
121;0.0;0.09200000000000004;0.2
131;0.0;0.09200000000000003;0.2
141;0.0;0.11800000000000004;0.28
151;0.0;0.10000000000000002;0.2
161;0.0;0.08200000000000002;0.24
171;0.04;0.13800000000000004;0.28
181;0.0;0.08800000000000001;0.2
191;0.0;0.06800000000000002;0.16
201;0.0;0.07600000000000003;0.16
211;0.0;0.08800000000000004;0.2
221;0.0;0.076;0.2
231;0.04;0.09200000000000003;0.2
241;0.0;0.092;0.24
251;0.0;0.1;0.2
261;0.0;0.06999999999999999;0.16
271;0.0;0.08600000000000001;0.2
281;0.0;0.08;0.16
291;0.0;0.09400000000000001;0.2
301;0.0;0.10000000000000005;0.2
