iterations;min;mean;max
1;15971.681141093373;16400.36917516477;16829.05720923617
1001;12257.497146606445;12529.441060066223;12801.384973526001
2001;11698.97127532959;12214.256322860718;12729.541370391846
