iterations;min;mean;max
1;0.7278596207713856;0.7480128923364218;0.768166163901458
1001;0.722427165773966;0.7390140327244399;0.7556008996749138
2001;0.7183917290080092;0.7389706326000973;0.7595495361921855
