iterations;min;mean;max
1;5598.186532340944;5897.59650206192;6197.0064717828955
1001;2600.1198225021362;2700.3079199790955;2800.4960174560547
2001;2399.3773345947266;2598.015754699707;2796.6541748046875
