iterations;min;mean;max
1;0.05664992332458496;0.05688202381134033;0.0571141242980957
1001;50.884357213974;51.84236478805542;52.80037236213684
2001;96.64919996261597;98.12904274463654;99.6088855266571
