iterations;min;mean;max
1;8928.601096328348;9027.316455323107;9126.031814317865
1001;8021.7963790893555;8393.662704467773;8765.529029846191
2001;7766.310859680176;8137.690969467163;8509.07107925415
