iterations;min;mean;max
1;0.0;0.048;0.12
11;0.0;0.044;0.12
21;0.0;0.048;0.16
31;0.0;0.06;0.16
41;0.0;0.06399999999999999;0.16
51;0.0;0.06;0.12
61;0.0;0.036;0.12
71;0.0;0.04;0.12
81;0.0;0.08800000000000001;0.24
91;0.0;0.076;0.2
101;0.0;0.055999999999999994;0.12
111;0.0;0.032;0.08
121;0.0;0.044;0.08
131;0.0;0.048;0.12
141;0.0;0.06799999999999998;0.12
151;0.0;0.044;0.12
