iterations;min;mean;max
1;43425.83265086636;45815.758614310114;48205.68457775387
1001;33427.54121017456;35584.025842666626;37740.51047515869
2001;38026.27177429199;38456.604625701904;38886.93747711182
