iterations;min;mean;max
1;0.5912376512376512;0.5940815665815665;0.5969254819254819
1001;0.6135824428281971;0.6197020524892654;0.6258216621503335
2001;0.6378900987771553;0.643876177453139;0.6498622561291227
