iterations;min;mean;max
1;28593.48268584907;30392.862761735032;32192.242837620994
1001;20398.73173904419;21596.93025779724;22795.128776550293
2001;23196.26040649414;23200.835697174072;23205.410987854004
