iterations;min;mean;max
1;0.03578448295593262;0.03746497631072998;0.039145469665527344
1001;34.624656200408936;35.37849187850952;36.13232755661011
2001;72.41734433174133;72.60037279129028;72.78340125083923
