iterations;min;mean;max
1;1406.7869647323491;1413.165574153483;1419.544183574617
1001;1429.5683307647705;1484.6928911209106;1539.8174514770508
2001;1451.7151641845703;1463.4669799804688;1475.2187957763672
