iterations;min;mean;max
1;13412.805781442672;14009.730278421597;14606.654775400522
1001;11599.2411403656;12502.402693748474;13405.564247131348
2001;13354.792572021484;13792.301948547363;14229.811325073242
