iterations;min;mean;max
1;22819.650897567648;24365.687612917984;25911.72432826832
1001;18851.627365112305;19628.38846874237;20405.149572372437
2001;19365.593627929688;19946.158073425293;20526.7225189209
