iterations;min;mean;max
1;0.7252038585769236;0.7632373346467773;0.8012708107166311
1001;0.7401022652948747;0.7444960267383787;0.7488897881818828
2001;0.7468316349467023;0.7670788374694737;0.787326039992245
