iterations;min;mean;max
1;1827.7426113293302;1885.9210820902504;1944.0995528511703
1001;1671.2276058197021;1741.086329460144;1810.945053100586
2001;1994.1617431640625;2017.0525493621826;2039.9433555603027
