iterations;min;mean;max
1;0.06174182891845703;0.06602168083190918;0.07030153274536133
1001;8.472846269607544;8.639540910720825;8.806235551834106
2001;16.979650497436523;17.046573162078857;17.11349582672119
