iterations;min;mean;max
1;7794.843129233424;8683.290703498276;9571.738277763128
1001;8240.414489746094;8283.06962966919;8325.724769592285
2001;8568.71762084961;8626.613410949707;8684.509201049805
