iterations;min;mean;max
1;13197.06515700489;13796.475827329456;14395.88649765402
1001;8800.267822265625;9604.232509613037;10408.19719696045
2001;8802.714263916016;9302.492113113403;9802.269962310791
