iterations;min;mean;max
1;44648.833842221444;45218.11052116555;45787.38720010966
1001;35827.376485824585;37753.22739696503;39679.07830810547
2001;35660.427001953125;36387.480323791504;37114.53364562988
