iterations;min;mean;max
1;0.578929403929404;0.5834274059274058;0.5879254079254078
1001;0.6347786971127487;0.6367212288745067;0.6386637606362646
2001;0.6422048783721751;0.6576761913655244;0.6731475043588736
