iterations;min;mean;max
1;0.09925723075866699;0.10302186012268066;0.10678648948669434
1001;41.505226612091064;41.67339897155762;41.84157133102417
2001;80.2878966331482;81.14455282688141;82.00120902061462
