iterations;min;mean;max
1;1361.2678414545744;1374.5961641389772;1387.92448682338
1001;1417.5212593078613;1424.364966392517;1431.2086734771729
2001;1427.0830535888672;1446.8537826538086;1466.62451171875
