iterations;min;mean;max
1;13594.78178140521;14939.429990688219;16284.078199971227
1001;12005.100011825562;13229.27970790863;14453.4594039917
2001;11286.867279052734;12041.957809448242;12797.04833984375
