iterations;min;mean;max
1;27003.487800795636;28904.084366338353;30804.68093188107
1001;22391.06780052185;23099.58272266388;23808.09764480591
2001;21396.754150390625;22898.668731689453;24400.58331298828
