iterations;min;mean;max
1;0.0;0.002;0.01
11;0.0;0.003;0.01
21;0.0;0.005;0.02
31;0.0;0.005;0.02
41;0.0;0.007000000000000001;0.02
51;0.0;0.003;0.01
61;0.0;0.005;0.02
71;0.0;0.006;0.02
81;0.0;0.005;0.01
91;0.0;0.007000000000000001;0.03
101;0.0;0.002;0.01
111;0.0;0.009000000000000001;0.02
121;0.0;0.008;0.03
131;0.0;0.002;0.01
141;0.0;0.005;0.02
151;0.0;0.008;0.02
