iterations;min;mean;max
1;23435.19272162701;23649.859439139866;23864.52615665272
1001;20365.58921432495;20483.533380508423;20601.477546691895
2001;19445.733474731445;19969.3876953125;20493.041915893555
