iterations;min;mean;max
1;7806.918178793043;7978.23249119528;8149.546803597517
1001;7874.305976867676;8014.037551879883;8153.76912689209
2001;7213.507385253906;7892.510162353516;8571.512939453125
