iterations;min;mean;max
1;1855.9033186286688;1869.4413990384073;1882.9794794481456
1001;1726.9352188110352;1769.4970378875732;1812.0588569641113
2001;1838.6449661254883;1877.9914360046387;1917.337905883789
