iterations;min;mean;max
1;13402.666438581346;13802.185548906176;14201.704659231007
1001;10399.76123046875;10699.998790740967;11000.236351013184
2001;10004.19107055664;10198.886096954346;10393.58112335205
