iterations;min;mean;max
1;0.0678713321685791;0.06859219074249268;0.06931304931640625
1001;8.758147239685059;8.810889720916748;8.863632202148438
2001;17.908686876296997;17.920398712158203;17.93211054801941
