iterations;min;mean;max
1;22066.503648238428;22936.763156226923;23807.022664215416
1001;18120.451583862305;18355.50128555298;18590.550987243652
2001;17715.086364746094;18285.55593109131;18856.025497436523
