iterations;min;mean;max
1;7905.382329807188;7947.350863039745;7989.319396272302
1001;7157.216442108154;7505.034757614136;7852.853073120117
2001;7240.649528503418;7922.3650913238525;8604.080654144287
