iterations;min;mean;max
1;1815.464337926358;1888.3313677470162;1961.1983975676744
1001;1940.946792602539;1951.6578731536865;1962.368953704834
2001;1856.041160583496;1866.9170265197754;1877.7928924560547
