iterations;min;mean;max
1;12199.922920863566;13101.080925440161;14002.238930016756
1001;8796.751121520996;8898.808654785156;9000.866188049316
2001;8395.90368270874;8496.27381324768;8596.643943786621
