iterations;min;mean;max
1;0.009867429733276367;0.010016560554504395;0.010165691375732422
1001;7.063363313674927;7.151195168495178;7.23902702331543
2001;14.76362657546997;15.06588351726532;15.368140459060669
