iterations;min;mean;max
1;15603.766708608717;15673.252528731324;15742.73834885393
1001;11887.19860458374;11975.370237350464;12063.541870117188
2001;11568.24313735962;12335.514223098755;13102.78530883789
