iterations;min;mean;max
1;0.712033254327372;0.7284593478417009;0.7448854413560297
1001;0.7577459179101582;0.7620827043356456;0.766419490761133
2001;0.7601094757993027;0.7664772253924192;0.7728449749855358
