iterations;min;mean;max
1;0.1082916259765625;0.11343443393707275;0.11857724189758301
1001;50.29801321029663;50.49124586582184;50.684478521347046
2001;101.30497860908508;104.4846351146698;107.66429162025452
