iterations;min;mean;max
1;4793.553599514167;5297.2348502818995;5800.916101049632
1001;2000.1181526184082;2201.0762481689453;2402.0343437194824
2001;2402.760696411133;2498.5775146484375;2594.394332885742
