iterations;min;mean;max
1;8358.752640552819;8908.520149702756;9458.28765885269
1001;7924.592273712158;8288.784717559814;8652.97716140747
2001;7643.490711212158;8337.828577041626;9032.166442871094
