iterations;min;mean;max
1;1444.0979670062661;1467.4975287466696;1490.897090487073
1001;1410.4465560913086;1485.509271621704;1560.5719871520996
2001;1476.2245330810547;1499.1081314086914;1521.9917297363281
